ds,yhat,yhat_lower,yhat_upper,segment_type,segment_name
2022-01-01,40508.254298688546,33733.438711424234,47409.56840502894,overall,All Sites & Brands
2022-01-02,50350.24253042157,43653.658175424236,56410.03010469978,overall,All Sites & Brands
2022-01-03,29610.026216280967,22651.4373339387,36709.928764856595,overall,All Sites & Brands
2022-01-04,37397.89313387683,30389.859420307872,43651.40587929208,overall,All Sites & Brands
2022-01-05,29170.43566044525,22097.926167552716,35940.12578125645,overall,All Sites & Brands
2022-01-06,30481.98297191831,23949.438289070153,37349.80701730057,overall,All Sites & Brands
2022-01-07,32170.918561552357,24969.61319011135,39248.05252151013,overall,All Sites & Brands
2022-01-08,36148.916353799475,28949.387509876462,43137.72120571611,overall,All Sites & Brands
2022-01-09,45795.7991506361,38994.98693646767,53007.81809825815,overall,All Sites & Brands
2022-01-10,24937.577455814393,18023.95914561717,31744.383191713052,overall,All Sites & Brands
2022-01-11,32685.531813047368,25807.03451602343,39730.58574767515,overall,All Sites & Brands
2022-01-12,24495.54983872664,17253.493615073778,31322.158520511504,overall,All Sites & Brands
2022-01-13,25919.595905659877,18801.18691774449,33121.97716675712,overall,All Sites & Brands
2022-01-14,27792.106447994818,20437.828688676895,34630.81820165135,overall,All Sites & Brands
2022-01-15,32019.34186089197,25076.14505239806,39484.47322365789,overall,All Sites & Brands
2022-01-16,41974.39545411301,34809.55268629933,49259.24230221742,overall,All Sites & Brands
2022-01-17,21475.413335798603,14696.808046775828,28375.89866982759,overall,All Sites & Brands
2022-01-18,29624.88342529498,22704.97120793268,36582.115890147696,overall,All Sites & Brands
2022-01-19,21869.19920201113,15105.668234446326,28606.115720746107,overall,All Sites & Brands
2022-01-20,23750.370091941837,16866.21366843998,30424.430661188464,overall,All Sites & Brands
2022-01-21,26092.66508945127,19121.74407471253,32792.203040058135,overall,All Sites & Brands
2022-01-22,30792.21407416875,24293.770862386766,37444.37475427476,overall,All Sites & Brands
2022-01-23,41212.260798290234,33682.929864561396,48390.21950905128,overall,All Sites & Brands
2022-01-24,21161.615147155793,13493.162336280939,28407.28306995255,overall,All Sites & Brands
2022-01-25,29734.15696972268,23373.306067385813,36662.09409481637,overall,All Sites & Brands
2022-01-26,22368.591718553886,15681.127987775026,29386.82073248683,overall,All Sites & Brands
2022-01-27,24600.325102308794,17423.925280053772,31492.211651763082,overall,All Sites & Brands
2022-01-28,27248.239446738055,20243.763937430267,34167.273322860965,overall,All Sites & Brands
2022-01-29,32204.393212677052,25563.605491108912,39160.812808117866,overall,All Sites & Brands
2022-01-30,42829.33560244949,35737.08748144952,49459.3246239556,overall,All Sites & Brands
2022-01-31,22930.582827857346,15759.494592044111,30000.648947234025,overall,All Sites & Brands
2022-02-01,31602.108336598878,24632.89893382001,38359.37320807478,overall,All Sites & Brands
2022-02-02,24284.04825995698,17192.542747987052,31802.829045402195,overall,All Sites & Brands
2022-02-03,26514.4912910094,19090.929704912658,33257.45993548953,overall,All Sites & Brands
2022-02-04,29116.13861239093,22101.298373259327,36187.0514141709,overall,All Sites & Brands
2022-02-05,33985.85907450089,27423.48491085212,41108.8070614417,overall,All Sites & Brands
2022-02-06,44489.83602333514,37592.9510756174,50888.38309827784,overall,All Sites & Brands
2022-02-07,24441.85740122215,17839.34636401375,31777.43124991596,overall,All Sites & Brands
2022-02-08,32942.6069081347,26700.93863961684,40047.00663112691,overall,All Sites & Brands
2022-02-09,25439.163254567193,18350.058399187026,32074.08223879983,overall,All Sites & Brands
2022-02-10,27476.582602281713,20722.452084251927,34349.46935536367,overall,All Sites & Brands
2022-02-11,29884.355647579316,22706.411168132174,36901.44517755656,overall,All Sites & Brands
2022-02-12,34565.77017464118,27531.68876082935,41600.22956659925,overall,All Sites & Brands
2022-02-13,44892.88073333544,38368.07133681754,51724.824901563734,overall,All Sites & Brands
2022-02-14,24684.64181365636,18050.957834899906,31375.6995705631,overall,All Sites & Brands
2022-02-15,33046.0664102063,26398.216664183703,39752.98736001346,overall,All Sites & Brands
2022-02-16,25427.620369776378,18921.552164549354,31380.297276092435,overall,All Sites & Brands
2022-02-17,27376.730142882872,20571.4029104858,34257.19631996118,overall,All Sites & Brands
2022-02-18,29724.19702586251,22520.826791214215,36284.588418328494,overall,All Sites & Brands
2022-02-19,34373.54941587244,27593.088320694147,40725.630242155516,overall,All Sites & Brands
2022-02-20,44696.03449199093,37826.13019835741,51540.883902334856,overall,All Sites & Brands
2022-02-21,24508.80452435452,17540.423726447243,31285.003235891574,overall,All Sites & Brands
2022-02-22,32914.157655948526,25579.84641516465,39753.17652869615,overall,All Sites & Brands
2022-02-23,25359.040689404967,18451.354714967118,32352.443860379193,overall,All Sites & Brands
2022-02-24,27386.687916645435,20471.947393108705,34131.98217577859,overall,All Sites & Brands
2022-02-25,29823.18488415236,22550.93004876619,37208.62617681237,overall,All Sites & Brands
2022-02-26,34566.983940636535,27957.045736366537,41875.955925343544,overall,All Sites & Brands
2022-02-27,44984.06795825868,37986.46919409594,52160.63432878752,overall,All Sites & Brands
2022-02-28,24886.312213216785,18778.39143116595,31807.08315029188,overall,All Sites & Brands
2022-03-01,33370.8990137972,26801.183414296298,40082.77297405275,overall,All Sites & Brands
2022-03-02,25879.98745556414,19189.668860088655,33328.2293781696,overall,All Sites & Brands
2022-03-03,27952.50745362391,21185.76281447467,35192.05294103822,overall,All Sites & Brands
2022-03-04,30410.862448145414,24372.348950537813,37233.79708271327,overall,All Sites & Brands
2022-03-05,35150.56365990959,27796.34185367683,41782.65688082114,overall,All Sites & Brands
2022-03-06,45535.488948873404,38922.27696597351,52047.52011230988,overall,All Sites & Brands
2022-03-07,25376.313649568034,18809.772512447038,31960.37320514094,overall,All Sites & Brands
2022-03-08,33769.966151515044,26997.7954443456,40435.467631941705,overall,All Sites & Brands
2022-03-09,26159.309625028764,18659.052741784064,32524.31520290396,overall,All Sites & Brands
2022-03-10,28084.91892274999,21461.433222024465,34821.191740948365,overall,All Sites & Brands
2022-03-11,30371.73778986028,23939.672053867285,37104.818812596546,overall,All Sites & Brands
2022-03-12,34918.64082213121,27532.756837623114,42138.90929490892,overall,All Sites & Brands
2022-03-13,45093.5955639698,38077.38511318169,51613.60826488137,overall,All Sites & Brands
2022-03-14,24711.97515484968,17609.137866196343,31287.219641513486,overall,All Sites & Brands
2022-03-15,32875.877933866395,26495.65939804725,40113.0249342099,overall,All Sites & Brands
2022-03-16,25033.65953743468,17763.608654458592,31993.169320526413,overall,All Sites & Brands
2022-03-17,26731.551020665967,19696.80027471089,33183.916542620624,overall,All Sites & Brands
2022-03-18,28800.152871533926,21953.44067192785,35605.55615636475,overall,All Sites & Brands
2022-03-19,33143.83418443836,26442.967428058604,40075.08906146929,overall,All Sites & Brands
2022-03-20,43135.737164128135,36445.936928122945,50125.33252830834,overall,All Sites & Brands
2022-03-21,22595.94195922933,15530.797679088995,29285.806849535613,overall,All Sites & Brands
2022-03-22,30630.65250302763,24153.289831664464,37361.64161131257,overall,All Sites & Brands
2022-03-23,22691.612722729806,15809.083229644415,29148.275097936526,overall,All Sites & Brands
2022-03-24,24327.62991938499,16859.190983670876,31285.22828783709,overall,All Sites & Brands
2022-03-25,26370.9978174096,19379.24907362041,33359.1682766291,overall,All Sites & Brands
2022-03-26,30726.85046302356,23503.980659602345,37493.43385699652,overall,All Sites & Brands
2022-03-27,40768.14828880617,33893.09695736111,47846.16817316783,overall,All Sites & Brands
2022-03-28,20313.85169695336,12978.675901740668,27120.296697560872,overall,All Sites & Brands
2022-03-29,28468.142393466693,21278.792750305165,35540.54539571608,overall,All Sites & Brands
2022-03-30,20679.90060911188,13568.257319176279,27850.951247496,overall,All Sites & Brands
2022-03-31,22494.313048768738,15671.007969112172,29595.529421283583,overall,All Sites & Brands
2022-01-01,3805.563488622293,3032.0173331274063,4644.923511406078,brand,Cala Grill
2022-01-02,4998.14840682157,4184.085045641526,5841.999126872167,brand,Cala Grill
2022-01-03,2963.2036277913185,2191.628527199396,3737.8450627239235,brand,Cala Grill
2022-01-04,3065.425554559829,2318.6937807966956,3878.80564008224,brand,Cala Grill
2022-01-05,2947.6567837307666,2195.772635294115,3743.9052607478275,brand,Cala Grill
2022-01-06,2975.6542265629187,2226.4285133589706,3777.0960473506584,brand,Cala Grill
2022-01-07,4448.342171520829,3704.3050780483195,5190.573403485689,brand,Cala Grill
2022-01-08,3413.5018389259035,2615.3854860702677,4171.850366386016,brand,Cala Grill
2022-01-09,4614.24041832102,3825.4985782423587,5442.097546017513,brand,Cala Grill
2022-01-10,2593.0457075388194,1809.7401539530654,3393.229987825523,brand,Cala Grill
2022-01-11,2714.371199135994,1950.3317125943859,3522.7354343744164,brand,Cala Grill
2022-01-12,2620.7007950441302,1835.1292165101804,3380.4850740994884,brand,Cala Grill
2022-01-13,2677.3253155306334,1924.103837664862,3475.446632596687,brand,Cala Grill
2022-01-14,4182.606662476706,3402.880948704656,5018.838125898635,brand,Cala Grill
2022-01-15,3183.6809058927483,2392.7878853849147,3987.4355247322014,brand,Cala Grill
2022-01-16,4422.942937047314,3640.926883116046,5214.110669746379,brand,Cala Grill
2022-01-17,2442.118402914358,1682.3178983237706,3235.253642797106,brand,Cala Grill
2022-01-18,2604.867317806419,1930.5888381070065,3460.1607569224625,brand,Cala Grill
2022-01-19,2552.868049161054,1801.908770347973,3360.8495159186027,brand,Cala Grill
2022-01-20,2650.613339162323,1865.1309091724117,3386.501743133301,brand,Cala Grill
2022-01-21,4195.693710209867,3433.916118042704,4940.0080719104435,brand,Cala Grill
2022-01-22,3234.5190184345915,2537.9347717056094,4015.3515870625633,brand,Cala Grill
2022-01-23,4508.820313712473,3709.9868914230383,5278.151542179332,brand,Cala Grill
2022-01-24,2559.7372700780984,1765.085876470343,3335.5444523547553,brand,Cala Grill
2022-01-25,2750.4351770525227,1948.5300626201501,3486.173360069172,brand,Cala Grill
2022-01-26,2722.1998410429806,1946.2430745511078,3490.3929420324353,brand,Cala Grill
2022-01-27,2839.2417763108388,2051.7150819335197,3554.9364697665997,brand,Cala Grill
2022-01-28,4398.984826582203,3603.381376886659,5137.182915164602,brand,Cala Grill
2022-01-29,3447.7898535261147,2677.082007006854,4214.5959168613235,brand,Cala Grill
2022-01-30,4727.455606444333,3939.3426371539704,5504.14795670572,brand,Cala Grill
2022-01-31,2779.302077444033,2005.4287220472465,3512.2524787199236,brand,Cala Grill
2022-02-01,2966.780456451496,2172.7927617853925,3813.4063977657083,brand,Cala Grill
2022-02-02,2931.5582390163418,2146.064160429811,3743.683881688243,brand,Cala Grill
2022-02-03,3038.3111449456374,2238.49837170133,3768.762471935733,brand,Cala Grill
2022-02-04,4584.9973337688225,3724.387458641034,5388.391519701681,brand,Cala Grill
2022-02-05,3618.564955888012,2833.772436809908,4334.1303083726025,brand,Cala Grill
2022-02-06,4881.435602396328,4071.1800029464353,5700.538214630836,brand,Cala Grill
2022-02-07,2915.569440346746,2125.6795338304473,3713.938561561142,brand,Cala Grill
2022-02-08,3085.0566510876533,2226.5706016594236,3883.0621482018123,brand,Cala Grill
2022-02-09,3032.1842344934444,2264.4897715434454,3831.7374328869105,brand,Cala Grill
2022-02-10,3122.2103399600687,2293.717158124374,3883.2979812911294,brand,Cala Grill
2022-02-11,4653.622091699661,3893.8248936944638,5483.534882808522,brand,Cala Grill
2022-02-12,3673.8283948053577,2871.2394961694217,4424.9849927284595,brand,Cala Grill
2022-02-13,4925.630685841514,4165.847805533729,5690.352700661062,brand,Cala Grill
2022-02-14,2951.277758324666,2223.882613479016,3705.577661000676,brand,Cala Grill
2022-02-15,3115.0495573563285,2340.87013187325,3874.4451462124234,brand,Cala Grill
2022-02-16,3059.31920860022,2315.748835293674,3853.9645485825354,brand,Cala Grill
2022-02-17,3149.3255650588367,2298.3444424793015,3954.2722306277187,brand,Cala Grill
2022-02-18,4683.432279026835,3913.8758048319287,5430.1668007789995,brand,Cala Grill
2022-02-19,3708.824841135873,2960.464991318507,4504.169588869948,brand,Cala Grill
2022-02-20,4967.988423932412,4169.463564571231,5737.807924179096,brand,Cala Grill
2022-02-21,3002.7724545784567,2120.0515650097313,3744.11696489956,brand,Cala Grill
2022-02-22,3176.9865326109407,2399.0876296730808,3983.7204249506476,brand,Cala Grill
2022-02-23,3132.4766142936833,2378.641378515865,3919.1824334849853,brand,Cala Grill
2022-02-24,3233.913348156903,2488.6682947740915,4058.5921454476597,brand,Cala Grill
2022-02-25,4779.068125599147,3921.7370730634084,5542.299514768693,brand,Cala Grill
2022-02-26,3814.5278134606583,3071.1905580263774,4581.1053721826775,brand,Cala Grill
2022-02-27,5082.190511793202,4332.095040692009,5905.708869249031,brand,Cala Grill
2022-02-28,3123.3477625904834,2328.637297490709,3859.014212415834,brand,Cala Grill
2022-03-01,3301.2973350622156,2540.813283749703,4127.0436342947905,brand,Cala Grill
2022-03-02,3257.435041149396,2447.918768584659,4063.1706099344988,brand,Cala Grill
2022-03-03,3356.057032950016,2539.061991032541,4131.716250483267,brand,Cala Grill
2022-03-04,4894.647760228257,4105.9329599268185,5663.954373390127,brand,Cala Grill
2022-03-05,3919.6042265693386,3186.079814356381,4708.529857116742,brand,Cala Grill
2022-03-06,5172.738625598073,4426.181636960728,5953.357505710905,brand,Cala Grill
2022-03-07,3195.3645945310054,2364.0725785743643,3977.0332882973808,brand,Cala Grill
2022-03-08,3350.9111005906816,2559.9210357214324,4123.511752779843,brand,Cala Grill
2022-03-09,3281.0123850515097,2500.368840666576,4073.6374703156193,brand,Cala Grill
2022-03-10,3350.3054694082807,2520.2347801237593,4142.93823237527,brand,Cala Grill
2022-03-11,4856.710534471467,4067.312707366921,5652.0873532649475,brand,Cala Grill
2022-03-12,3847.145019585043,3040.6324641815086,4662.648214342344,brand,Cala Grill
2022-03-13,5064.01380204538,4323.764765024758,5837.912079725399,brand,Cala Grill
2022-03-14,3049.281034358308,2256.310623397945,3851.010533218933,brand,Cala Grill
2022-03-15,3167.068047827148,2330.949275268193,3959.8517343762883,brand,Cala Grill
2022-03-16,3059.726181301574,2255.01155671781,3847.2431331953567,brand,Cala Grill
2022-03-17,3092.6165028025207,2348.746164971766,3884.5030367682984,brand,Cala Grill
2022-03-18,4564.372214325911,3751.123192500117,5328.22445627113,brand,Cala Grill
2022-03-19,3522.5950694745575,2702.2475212696195,4333.124267867187,brand,Cala Grill
2022-03-20,4710.328636115299,3978.5310259563253,5453.073426061857,brand,Cala Grill
2022-03-21,2670.1144306081305,1910.440569981375,3506.072070174335,brand,Cala Grill
2022-03-22,2766.575745479557,2006.9524879353885,3614.273779599661,brand,Cala Grill
2022-03-23,2642.4783962033134,1854.848593576049,3448.90450697794,brand,Cala Grill
2022-03-24,2663.5006650197856,1868.3280149929567,3427.909141745722,brand,Cala Grill
2022-03-25,4128.488478037147,3381.487136669498,4876.332376905482,brand,Cala Grill
2022-03-26,3085.1473198446474,2267.2704458527232,3878.0761519932216,brand,Cala Grill
2022-03-27,4276.513817351963,3456.5047051981937,5094.816750189631,brand,Cala Grill
2022-03-28,2245.0130414795517,1438.0155834361033,3025.512919109972,brand,Cala Grill
2022-03-29,2355.0462929383334,1515.5097213600116,3101.1992769188914,brand,Cala Grill
2022-03-30,2249.0584668342653,1487.8860834254865,3051.3476942891302,brand,Cala Grill
2022-03-31,2292.31707190324,1522.4748943384118,3118.5294667355524,brand,Cala Grill
2022-01-01,24071.965896662463,20212.287866278195,27791.24611947865,brand,Crust Co.
2022-01-02,29949.28229371852,26194.810311318663,33528.40606089899,brand,Crust Co.
2022-01-03,17453.938894218958,13587.962883050866,21474.838100393485,brand,Crust Co.
2022-01-04,25289.585297400834,21446.200972579278,29131.175705094094,brand,Crust Co.
2022-01-05,17473.22789827751,13519.965784915423,21293.972324219816,brand,Crust Co.
2022-01-06,19152.373525090603,15126.825393763578,22843.489934070018,brand,Crust Co.
2022-01-07,18804.26568556198,14824.641858251878,22536.459008719186,brand,Crust Co.
2022-01-08,21919.454508399853,17814.155817518345,25803.037886513837,brand,Crust Co.
2022-01-09,27654.689286034038,23900.684627768638,31914.48203002463,brand,Crust Co.
2022-01-10,15058.505160598797,11335.763584645692,19270.86593082089,brand,Crust Co.
2022-01-11,22835.665786086964,18789.549613679843,26755.570314562003,brand,Crust Co.
2022-01-12,15003.379008330785,10804.07822859985,19183.016814682724,brand,Crust Co.
2022-01-13,16708.448513658055,12879.55833205447,20570.06406969087,brand,Crust Co.
2022-01-14,16426.53964014604,12617.362254484287,20428.269309646093,brand,Crust Co.
2022-01-15,19645.79948577169,15757.231650333339,23533.692060617414,brand,Crust Co.
2022-01-16,25519.818749398746,21736.41934515933,29331.32928201004,brand,Crust Co.
2022-01-17,13093.304895419544,9295.624441831922,16743.347305238458,brand,Crust Co.
2022-01-18,21066.62610300456,17117.994588536774,25082.880357915416,brand,Crust Co.
2022-01-19,13452.14031097613,9441.258822749223,17085.704738516204,brand,Crust Co.
2022-01-20,15391.46929624792,11121.711211662623,19294.45908078184,brand,Crust Co.
2022-01-21,15354.892766046589,11580.959262108247,19138.184827846468,brand,Crust Co.
2022-01-22,18825.099271608,15284.536695004954,22782.047108888524,brand,Crust Co.
2022-01-23,24950.278026646483,21276.450733329635,28871.756443450373,brand,Crust Co.
2022-01-24,12769.917935237736,8933.61977314887,16957.0457313938,brand,Crust Co.
2022-01-25,20979.470152699694,17278.58534099457,25167.869164771066,brand,Crust Co.
2022-01-26,13586.785587861334,9683.987320859329,17533.899355986487,brand,Crust Co.
2022-01-27,15729.484688555955,11824.669507285627,19937.916417880213,brand,Crust Co.
2022-01-28,15874.432268241693,12201.143310220468,19760.192695990027,brand,Crust Co.
2022-01-29,19501.55238707979,15481.546116353327,23359.632336141734,brand,Crust Co.
2022-01-30,25756.966047046808,21808.44218179324,29527.87480795029,brand,Crust Co.
2022-01-31,13678.817183580959,10108.551010964322,17787.625211244467,brand,Crust Co.
2022-02-01,21961.94296952618,18012.01549272021,25995.67894482216,brand,Crust Co.
2022-02-02,14614.300050914311,10721.332809677342,18407.35898052425,brand,Crust Co.
2022-02-03,16774.304771125444,12497.281153173662,20700.00568028875,brand,Crust Co.
2022-02-04,16910.261333831455,13192.432119263383,20969.408197707275,brand,Crust Co.
2022-02-05,20504.11454963587,16566.8382694733,24432.831188823304,brand,Crust Co.
2022-02-06,26704.511945607395,23008.806990792047,30633.651399381695,brand,Crust Co.
2022-02-07,14552.543064741963,10612.462236922374,18715.16371403822,brand,Crust Co.
2022-02-08,22746.314575787033,18689.969802322787,26838.491361127708,brand,Crust Co.
2022-02-09,15297.275596936795,11399.800742875086,18836.296183978804,brand,Crust Co.
2022-02-10,17347.454178221364,13210.37230804719,21150.634069413674,brand,Crust Co.
2022-02-11,17368.781800750556,13677.880157231848,21333.351531611333,brand,Crust Co.
2022-02-12,20846.745387465926,16555.46330020971,24426.785995896164,brand,Crust Co.
2022-02-13,26933.35431343736,22906.143748701696,30891.220803439996,brand,Crust Co.
2022-02-14,14672.792743550664,10548.860652310015,18550.727902340048,brand,Crust Co.
2022-02-15,22765.9181378606,18924.149130516387,26472.230412619367,brand,Crust Co.
2022-02-16,15226.522215759596,11163.456478945132,19056.613325467748,brand,Crust Co.
2022-02-17,17198.516825930426,13134.957674346613,20830.427954815576,brand,Crust Co.
2022-02-18,17155.222666476708,13249.459402299422,21007.10034084315,brand,Crust Co.
2022-02-19,20583.00099066844,16861.82177017223,24305.22571200593,brand,Crust Co.
2022-02-20,26634.215977882,22911.6981561356,30675.08553956011,brand,Crust Co.
2022-02-21,14352.897835420386,10216.93399287444,18213.661035879533,brand,Crust Co.
2022-02-22,22439.26677483016,18541.308013838163,26374.881801027415,brand,Crust Co.
2022-02-23,14906.033049535192,11343.234996334253,18950.325546592758,brand,Crust Co.
2022-02-24,16895.634025451633,12773.65030524253,20600.9124817463,brand,Crust Co.
2022-02-25,16879.58443304766,12694.598968001956,20866.27756173808,brand,Crust Co.
2022-02-26,20342.177877224753,16550.287925179993,24271.432115201296,brand,Crust Co.
2022-02-27,26433.52502379298,22691.580580720725,30428.304541658825,brand,Crust Co.
2022-02-28,14195.296136969977,10270.316185777498,18399.763290711115,brand,Crust Co.
2022-03-01,22325.3256624499,18330.49214948863,25950.634878110115,brand,Crust Co.
2022-03-02,14833.991601834976,10745.560083794137,18596.186444545947,brand,Crust Co.
2022-03-03,16861.528298421494,12876.912081600141,20688.077733371352,brand,Crust Co.
2022-03-04,16877.446577656978,12922.255237768963,20720.30406749536,brand,Crust Co.
2022-03-05,20364.297329544064,16710.992878793815,24014.369938609947,brand,Crust Co.
2022-03-06,26470.762229590553,22306.11716724549,30134.151411114508,brand,Crust Co.
2022-03-07,14237.437866762111,10244.908558800074,18076.64769490927,brand,Crust Co.
2022-03-08,22361.469917244613,18592.141049654336,26114.06314541748,brand,Crust Co.
2022-03-09,14852.949432362948,10906.890064074185,18894.300364102033,brand,Crust Co.
2022-03-10,16852.229574357796,13010.17981203432,20978.94216540807,brand,Crust Co.
2022-03-11,16829.33685200472,12719.669403473463,20725.631588862434,brand,Crust Co.
2022-03-12,20267.713435959213,16403.324782753865,24341.746764443218,brand,Crust Co.
2022-03-13,26317.27511042337,22304.28410407699,29994.486854262686,brand,Crust Co.
2022-03-14,14020.15232080756,10058.401803886178,17987.86264812659,brand,Crust Co.
2022-03-15,22075.272443107475,18130.358342219613,25988.7059762723,brand,Crust Co.
2022-03-16,14494.69707552147,10739.05427703905,18555.727824105077,brand,Crust Co.
2022-03-17,16420.87460648062,12552.621872748188,20205.884176980795,brand,Crust Co.
2022-03-18,16325.984162791185,12479.262226716353,20365.69846049038,brand,Crust Co.
2022-03-19,19695.609634871314,15595.170157021419,23769.85316134601,brand,Crust Co.
2022-03-20,25681.730454489094,21596.111670189843,29612.118392195105,brand,Crust Co.
2022-03-21,13328.398641773325,9657.14637880304,17273.050435495785,brand,Crust Co.
2022-03-22,21336.262179449117,17459.634439731864,25165.987271646594,brand,Crust Co.
2022-03-23,13718.850268210741,9711.713591767782,17899.543259840975,brand,Crust Co.
2022-03-24,15619.782237791853,11740.479627632692,19657.92217662295,brand,Crust Co.
2022-03-25,15512.077464412883,11668.768604506273,19482.78058672586,brand,Crust Co.
2022-03-26,18881.805928723446,14718.934373208062,22421.68573590857,brand,Crust Co.
2022-03-27,24881.06669212086,21083.861439742846,28881.891547307492,brand,Crust Co.
2022-03-28,12553.664062841017,8543.809469576077,16331.694344507141,brand,Crust Co.
2022-03-29,20599.64141121976,16682.978925522006,24367.910687171887,brand,Crust Co.
2022-03-30,13031.587742899856,9092.468611674922,17075.067295221943,brand,Crust Co.
2022-03-31,14991.878031810633,11290.586058492901,19223.803607061633,brand,Crust Co.
2022-01-01,9322.996939271721,7555.38183770358,11330.31950575113,brand,Flame & Feather
2022-01-02,11416.301264544745,9653.417941532894,13212.4146027345,brand,Flame & Feather
2022-01-03,6853.459158109963,5037.626319520354,8770.835831467986,brand,Flame & Feather
2022-01-04,6695.197806219275,4772.639687690224,8517.06721170156,brand,Flame & Feather
2022-01-05,6523.302165588379,4787.62249199621,8408.178620059829,brand,Flame & Feather
2022-01-06,6265.525042311407,4541.092938763982,8064.246348623277,brand,Flame & Feather
2022-01-07,6689.13001978617,4984.946253681032,8612.103246620236,brand,Flame & Feather
2022-01-08,8149.6322615418285,6314.515069020337,10100.550211097621,brand,Flame & Feather
2022-01-09,10207.939000324559,8434.028647903404,12043.400713955969,brand,Flame & Feather
2022-01-10,5629.863138451688,3761.073015759215,7415.772283370484,brand,Flame & Feather
2022-01-11,5476.0752852902315,3570.6921767736217,7209.404017177518,brand,Flame & Feather
2022-01-12,5327.862216950694,3452.1837274470913,7118.211280861692,brand,Flame & Feather
2022-01-13,5112.054978444001,3347.165571815013,6950.394015882901,brand,Flame & Feather
2022-01-14,5594.600480636753,3881.1655384902815,7487.025318912852,brand,Flame & Feather
2022-01-15,7129.340785725873,5388.4279146705985,8924.827733813696,brand,Flame & Feather
2022-01-16,9275.20080000202,7495.251148690329,10998.115109737546,brand,Flame & Feather
2022-01-17,4795.756475878214,2935.2511544928598,6660.316254400839,brand,Flame & Feather
2022-01-18,4749.247333322977,2935.456759934776,6403.0949040982005,brand,Flame & Feather
2022-01-19,4714.399619388356,2915.6576240561744,6658.641241188599,brand,Flame & Feather
2022-01-20,4615.421555586096,2836.875811059162,6400.126858065009,brand,Flame & Feather
2022-01-21,5215.642699564138,3462.3046553357894,7098.000115426994,brand,Flame & Feather
2022-01-22,6866.359785049624,5022.027066618599,8717.575739016731,brand,Flame & Feather
2022-01-23,9124.087974462132,7301.559981849449,10953.785516487582,brand,Flame & Feather
2022-01-24,4750.187937579416,2908.7205644103988,6540.183797768136,brand,Flame & Feather
2022-01-25,4800.931018544043,2922.716087289968,6418.634535995789,brand,Flame & Feather
2022-01-26,4853.367446480714,3017.22294582068,6703.116039309835,brand,Flame & Feather
2022-01-27,4830.357895349089,3146.7218462633514,6652.597151061567,brand,Flame & Feather
2022-01-28,5494.2395276360385,3677.4239312686564,7421.681145302656,brand,Flame & Feather
2022-01-29,7195.68826740328,5435.637983089542,8946.337764118614,brand,Flame & Feather
2022-01-30,9490.975909251152,7686.7572243331115,11269.175684898708,brand,Flame & Feather
2022-01-31,5141.59244617067,3337.5861554860653,6946.780257537922,brand,Flame & Feather
2022-02-01,5204.296144669256,3391.340048022306,6949.066205749599,brand,Flame & Feather
2022-02-02,5256.956875784936,3441.862923752374,6936.961565854798,brand,Flame & Feather
2022-02-03,5223.553831270612,3439.9123437480216,7097.949072963996,brand,Flame & Feather
2022-02-04,5867.799827858987,4108.757303814036,7665.295982778997,brand,Flame & Feather
2022-02-05,7541.955227410586,5793.752704691898,9336.458259228397,brand,Flame & Feather
2022-02-06,9804.031537603727,7872.664314420786,11450.454430745947,brand,Flame & Feather
2022-02-07,5417.356667907319,3669.517182884861,7276.673844112373,brand,Flame & Feather
2022-02-08,5440.566048936898,3644.7605129297526,7272.206389164327,brand,Flame & Feather
2022-02-09,5453.3868430593,3667.516638007678,7220.581360241802,brand,Flame & Feather
2022-02-10,5381.578085622706,3555.3290923321424,7238.152214551314,brand,Flame & Feather
2022-02-11,5990.50061156126,4166.159270668616,7866.496321983785,brand,Flame & Feather
2022-02-12,7633.8813429959055,5884.301041773935,9414.976981734382,brand,Flame & Feather
2022-02-13,9870.97340158765,7963.071463904518,11744.2818526957,brand,Flame & Feather
2022-02-14,5466.085233174294,3484.9935736071316,7290.172104068219,brand,Flame & Feather
2022-02-15,5478.543944346255,3706.799139859401,7282.297063134594,brand,Flame & Feather
2022-02-16,5488.460823249143,3553.739086146729,7310.198033257527,brand,Flame & Feather
2022-02-17,5421.662360448045,3526.761998229373,7316.18455213171,brand,Flame & Feather
2022-02-18,6043.260821851445,4217.233508499066,7845.155252304848,brand,Flame & Feather
2022-02-19,7706.42886202215,5906.305833651726,9479.697868182144,brand,Flame & Feather
2022-02-20,9969.579275488071,8286.698575739198,11673.615925166145,brand,Flame & Feather
2022-02-21,5595.922438836023,3737.969646475565,7418.323682106416,brand,Flame & Feather
2022-02-22,5643.465760677176,3760.990934693979,7404.001208505416,brand,Flame & Feather
2022-02-23,5690.822007569646,3789.1912082014373,7496.2201451781775,brand,Flame & Feather
2022-02-24,5662.188528787243,3808.0665423672176,7435.120308028188,brand,Flame & Feather
2022-02-25,6320.969988119159,4519.912350840239,8284.746293386464,brand,Flame & Feather
2022-02-26,8018.607539159445,6158.2365692592775,9833.131616149663,brand,Flame & Feather
2022-02-27,10311.813926167431,8502.780765043015,12316.662011569335,brand,Flame & Feather
2022-02-28,5962.185431263183,4006.7818773288545,7725.31338821876,brand,Flame & Feather
2022-03-01,6026.253384141206,4070.997317853316,7827.404692545243,brand,Flame & Feather
2022-03-02,6081.340576840526,4209.316855914387,7967.449950144141,brand,Flame & Feather
2022-03-03,6050.5832021206015,4145.27002651544,7898.477386657234,brand,Flame & Feather
2022-03-04,6696.589678384745,4815.87915326811,8508.421174796462,brand,Flame & Feather
2022-03-05,8370.29824799405,6456.5619480830965,10094.0352371186,brand,Flame & Feather
2022-03-06,10628.232005664482,8932.335408823556,12480.482547361995,brand,Flame & Feather
2022-03-07,6232.121700028354,4526.873680464992,8035.084688888013,brand,Flame & Feather
2022-03-08,6238.9587095798,4395.852566865623,7958.738487845002,brand,Flame & Feather
2022-03-09,6226.843491899315,4311.356879356862,8139.304506429923,brand,Flame & Feather
2022-03-10,6119.990352341345,4375.811793704843,7929.012668660468,brand,Flame & Feather
2022-03-11,6682.360386425696,4964.663120709052,8659.304844252762,brand,Flame & Feather
2022-03-12,8266.485222786014,6444.203430316887,10112.581265326724,brand,Flame & Feather
2022-03-13,10430.681190077881,8560.995967487723,12221.629701058413,brand,Flame & Feather
2022-03-14,5938.625415227443,4125.5622491202075,7748.714140470888,brand,Flame & Feather
2022-03-15,5849.357582643194,3919.8721593130726,7708.33442286163,brand,Flame & Feather
2022-03-16,5743.074107087257,3831.9660814912518,7524.11895163677,brand,Flame & Feather
2022-03-17,5546.0771026738275,3754.4390177798314,7440.221346887382,brand,Flame & Feather
2022-03-18,6024.351578154984,4259.012134320315,7774.541151228483,brand,Flame & Feather
2022-03-19,7532.3350544057375,5731.188723378487,9421.162855809198,brand,Flame & Feather
2022-03-20,9630.080745759991,7917.985345831512,11476.798221030931,brand,Flame & Feather
2022-03-21,5082.7872366144975,3173.9920952172693,6880.246257592895,brand,Flame & Feather
2022-03-22,4950.759672410654,3080.1070116511064,6693.8872327822455,brand,Flame & Feather
2022-03-23,4815.170336905367,2953.47103220312,6483.688963447662,brand,Flame & Feather
2022-03-24,4602.981915488015,2733.5258276955574,6530.3948187278675,brand,Flame & Feather
2022-03-25,5080.507565508933,3216.4217256625507,6868.745143103234,brand,Flame & Feather
2022-03-26,6602.172434765685,4722.350220251661,8442.766733310504,brand,Flame & Feather
2022-03-27,8727.677958379712,6928.040757728731,10609.77344167361,brand,Flame & Feather
2022-03-28,4221.54179338243,2466.720430870602,5999.638077208703,brand,Flame & Feather
2022-03-29,4143.078080857575,2329.2053160696755,6017.670065824931,brand,Flame & Feather
2022-03-30,4072.18533153098,2071.9251936957253,5860.598269135489,brand,Flame & Feather
2022-03-31,3934.3044304973346,2081.0371158975568,5664.455876393804,brand,Flame & Feather
2022-01-01,3582.5679900176265,2684.3278152046014,4366.840551641577,brand,Frostbite Creamery
2022-01-02,4282.472201831804,3451.2627830473807,5176.399601795206,brand,Frostbite Creamery
2022-01-03,2657.9240659416364,1721.9006166950765,3456.2699814345037,brand,Frostbite Creamery
2022-01-04,2688.133655987476,1830.172591972904,3598.6666858140065,brand,Frostbite Creamery
2022-01-05,2594.077102683137,1724.9866753511387,3451.714833685812,brand,Frostbite Creamery
2022-01-06,2471.701744101869,1589.5089205090114,3327.356578333665,brand,Frostbite Creamery
2022-01-07,2628.8400016526634,1712.5627677528132,3441.2204407238396,brand,Frostbite Creamery
2022-01-08,3082.4691130942124,2195.0058400239427,3934.3182672154126,brand,Frostbite Creamery
2022-01-09,3746.6490648345534,2901.0707852980913,4557.868424150636,brand,Frostbite Creamery
2022-01-10,2095.6040821253964,1177.4045389320122,2993.5306820090395,brand,Frostbite Creamery
2022-01-11,2108.909279217711,1213.8868402725059,2983.961693007927,brand,Frostbite Creamery
2022-01-12,2007.6966206076725,1072.5866265009,2891.797694616168,brand,Frostbite Creamery
2022-01-13,1887.858665991103,991.3063007583099,2752.3736728719628,brand,Frostbite Creamery
2022-01-14,2056.9661512806406,1178.2612233655677,2938.565658600211,brand,Frostbite Creamery
2022-01-15,2531.536414332185,1680.1811004261447,3433.027155963444,brand,Frostbite Creamery
2022-01-16,3224.984756293814,2383.7416781295483,4150.281232256825,brand,Frostbite Creamery
2022-01-17,1610.7237239015471,752.1264836055024,2495.6774789248075,brand,Frostbite Creamery
2022-01-18,1667.3714300907545,782.3984781907807,2524.9439172019165,brand,Frostbite Creamery
2022-01-19,1614.982481049125,711.8121318761529,2484.2355827384686,brand,Frostbite Creamery
2022-01-20,1548.2793169758731,682.3499802054007,2407.093639169945,brand,Frostbite Creamery
2022-01-21,1773.5992890891885,981.5028721954214,2665.4123689407133,brand,Frostbite Creamery
2022-01-22,2306.1937073483004,1490.4612647934846,3146.0662171639774,brand,Frostbite Creamery
2022-01-23,3058.210151697785,2218.4455071595435,3925.061987415643,brand,Frostbite Creamery
2022-01-24,1501.8222320590687,606.039108936142,2326.041915333705,brand,Frostbite Creamery
2022-01-25,1614.4671333218841,696.3948027625726,2457.489658400895,brand,Frostbite Creamery
2022-01-26,1615.1037727085086,722.4194999410003,2447.5581168947483,brand,Frostbite Creamery
2022-01-27,1597.4686953359092,664.6549601136743,2461.467411036707,brand,Frostbite Creamery
2022-01-28,1867.0444271635756,996.6845086686853,2734.998642571269,brand,Frostbite Creamery
2022-01-29,2438.376009461279,1610.5666287475144,3370.4392363782713,brand,Frostbite Creamery
2022-01-30,3223.066603928602,2327.565206042848,4023.256287061618,brand,Frostbite Creamery
2022-01-31,1692.916066584224,820.9642563036232,2530.972913618844,brand,Frostbite Creamery
2022-02-01,1825.1626630011742,949.3488292476583,2682.2953481572986,brand,Frostbite Creamery
2022-02-02,1838.740715457814,1017.1689157087549,2762.686057474992,brand,Frostbite Creamery
2022-02-03,1827.5313979712998,1017.9629845447743,2703.1527513584533,brand,Frostbite Creamery
2022-02-04,2097.3216116247117,1207.7225256055588,2947.5957838980394,brand,Frostbite Creamery
2022-02-05,2663.10699404666,1785.8143798824892,3540.0580690217816,brand,Frostbite Creamery
2022-02-06,3437.070388061623,2522.6543668137087,4330.712502777898,brand,Frostbite Creamery
2022-02-07,1891.7001967655096,943.034259514636,2724.975336446776,brand,Frostbite Creamery
2022-02-08,2005.0094045992828,1116.1494681010452,2874.6578965085096,brand,Frostbite Creamery
2022-02-09,1996.7687222248353,1076.8218219360897,2904.4156770416616,brand,Frostbite Creamery
2022-02-10,1961.731779728225,1069.6210336075035,2878.4600741505583,brand,Frostbite Creamery
2022-02-11,2206.568030162158,1292.6372261037618,3068.872901009642,brand,Frostbite Creamery
2022-02-12,2747.140147756751,1841.0079645777157,3607.8145029844873,brand,Frostbite Creamery
2022-02-13,3496.457956328923,2630.72700064832,4419.482794233403,brand,Frostbite Creamery
2022-02-14,1927.773986569837,1011.243959193668,2735.626720035884,brand,Frostbite Creamery
2022-02-15,2019.7820552012201,1176.5329567946646,2858.529194635926,brand,Frostbite Creamery
2022-02-16,1992.8328630108333,1062.3705340308986,2875.758394911721,brand,Frostbite Creamery
2022-02-17,1942.1449865069599,1122.956445460078,2805.038367580466,brand,Frostbite Creamery
2022-02-18,2174.7272749873955,1294.736160085454,3006.6849539336677,brand,Frostbite Creamery
2022-02-19,2706.6496773568415,1782.968314260658,3589.2896416503972,brand,Frostbite Creamery
2022-02-20,3450.994659385333,2596.655632095601,4317.497462881949,brand,Frostbite Creamery
2022-02-21,1880.9543173541922,1000.8369492397459,2742.340922924844,brand,Frostbite Creamery
2022-02-22,1975.0344718504614,1106.0655658189617,2829.850712778098,brand,Frostbite Creamery
2022-02-23,1953.2795170915292,1067.3874237353389,2865.4357703491014,brand,Frostbite Creamery
2022-02-24,1910.496073938098,1082.8144873534384,2836.749411434379,brand,Frostbite Creamery
2022-02-25,2153.191037134146,1225.095871844202,3005.0709069769205,brand,Frostbite Creamery
2022-02-26,2696.86053835499,1849.6384987438194,3512.9199254116716,brand,Frostbite Creamery
2022-02-27,3453.961416423396,2547.684610122298,4280.033530800115,brand,Frostbite Creamery
2022-02-28,1897.0296818779993,1024.8533528447251,2840.2998635658214,brand,Frostbite Creamery
2022-03-01,2003.9066099097886,1152.0505407774763,2885.5541434944935,brand,Frostbite Creamery
2022-03-02,1993.9855747545269,1148.516821588172,2855.3851225453727,brand,Frostbite Creamery
2022-03-03,1961.45701889442,1059.1283691047718,2866.5566184826907,brand,Frostbite Creamery
2022-03-04,2212.266518445655,1326.7136755149654,3069.3053818603425,brand,Frostbite Creamery
2022-03-05,2761.42188128753,1860.7518911511168,3686.397762394322,brand,Frostbite Creamery
2022-03-06,3520.9803447046515,2705.1491353017796,4445.389754081092,brand,Frostbite Creamery
2022-03-07,1963.1799105431978,1056.0766051142257,2834.685857792645,brand,Frostbite Creamery
2022-03-08,2065.6750903452503,1215.4823063062213,2911.246515670108,brand,Frostbite Creamery
2022-03-09,2047.789909671237,1178.6768747460858,2907.3806306517245,brand,Frostbite Creamery
2022-03-10,2003.76540560801,1156.4029930195945,2897.6660912190923,brand,Frostbite Creamery
2022-03-11,2239.7165278704065,1351.5346348367002,3080.0546414515675,brand,Frostbite Creamery
2022-03-12,2770.9344382153604,1925.8255469364467,3604.0510808792137,brand,Frostbite Creamery
2022-03-13,3509.8654398583803,2609.9818545394114,4380.555837265149,brand,Frostbite Creamery
2022-03-14,1929.2308408037916,1047.929901894864,2778.987733191649,brand,Frostbite Creamery
2022-03-15,2007.248382278305,1124.078710244858,2937.8491217408914,brand,Frostbite Creamery
2022-03-16,1963.868521899736,1068.4619118077383,2808.130443170597,brand,Frostbite Creamery
2022-03-17,1894.0033140500634,1049.5445672309672,2742.5005714745316,brand,Frostbite Creamery
2022-03-18,2104.4633595731348,1172.9969841913191,2946.721515965108,brand,Frostbite Creamery
2022-03-19,2611.2394173079692,1695.3413728465437,3467.7975490226518,brand,Frostbite Creamery
2022-03-20,3327.4605255969786,2468.7202582917653,4246.511498262672,brand,Frostbite Creamery
2022-03-21,1726.4935545774567,828.9060486221093,2588.7944964999842,brand,Frostbite Creamery
2022-03-22,1787.145419693897,855.7722859594053,2663.3239560685656,brand,Frostbite Creamery
2022-03-23,1729.8818103985443,838.3471600865888,2569.300407030505,brand,Frostbite Creamery
2022-03-24,1650.0406894094222,759.6398001569349,2475.339594424361,brand,Frostbite Creamery
2022-03-25,1854.756481609325,984.7473771657775,2689.6173022089088,brand,Frostbite Creamery
2022-03-26,2360.231913183561,1470.0355337859578,3245.2216776617956,brand,Frostbite Creamery
2022-03-27,3079.6896280990304,2211.082369381724,3986.947080109437,brand,Frostbite Creamery
2022-03-28,1486.4686848565348,641.454598938375,2331.4736653455043,brand,Frostbite Creamery
2022-03-29,1559.227244362658,677.5119333719771,2418.400206337285,brand,Frostbite Creamery
2022-03-30,1518.1652795934888,686.6265228951121,2373.68752646654,brand,Frostbite Creamery
2022-03-31,1458.2454368624121,633.9699837496767,2326.508602269502,brand,Frostbite Creamery
2022-01-01,10145.230201679642,7734.260348945948,12434.871475221165,site,Crossroads Mall
2022-01-02,13813.873741241483,11634.073911550913,16054.848337394522,site,Crossroads Mall
2022-01-03,7276.553229740857,5213.698523145857,9335.044289819763,site,Crossroads Mall
2022-01-04,11037.300106738292,8787.23664923709,13303.354770916467,site,Crossroads Mall
2022-01-05,7529.980134967561,5323.644557233325,9910.17076816511,site,Crossroads Mall
2022-01-06,7760.3101985335925,5524.809364102367,9886.467115930756,site,Crossroads Mall
2022-01-07,8460.004362523454,6250.802917090591,10801.05921837467,site,Crossroads Mall
2022-01-08,9244.54006454853,6921.349144923004,11244.523169668835,site,Crossroads Mall
2022-01-09,12868.774361869913,10506.943540052413,15030.064482660702,site,Crossroads Mall
2022-01-10,6302.992397859434,4238.330235291107,8597.306052306243,site,Crossroads Mall
2022-01-11,10051.443668024818,7943.353605616952,12216.187090377978,site,Crossroads Mall
2022-01-12,6547.843560240563,4181.821917859712,8785.12066519364,site,Crossroads Mall
2022-01-13,6797.399922038503,4525.432156558378,9081.831063680223,site,Crossroads Mall
2022-01-14,7530.978066119577,5315.141270351826,9862.313115467365,site,Crossroads Mall
2022-01-15,8362.89447884803,6032.816734398511,10583.792690857565,site,Crossroads Mall
2022-01-16,12046.568318981394,9866.699928605218,14347.556676831035,site,Crossroads Mall
2022-01-17,5550.611825347843,3345.5099046692626,7605.833279334506,site,Crossroads Mall
2022-01-18,9377.413993643873,7237.748362530526,11659.885645930686,site,Crossroads Mall
2022-01-19,5958.693635411309,3659.5442801604004,8184.782838290563,site,Crossroads Mall
2022-01-20,6297.580109297316,3958.8741655159456,8511.088307765374,site,Crossroads Mall
2022-01-21,7122.833613236899,4789.152169700853,9288.876771127678,site,Crossroads Mall
2022-01-22,8046.693764630894,5923.923707085952,10252.415150712046,site,Crossroads Mall
2022-01-23,11820.5840450022,9645.923293139642,14126.929327516305,site,Crossroads Mall
2022-01-24,5411.251788765092,3280.7636273989897,7754.746682767068,site,Crossroads Mall
2022-01-25,9319.396746952669,7027.33569105724,11599.681580903489,site,Crossroads Mall
2022-01-26,5975.263158815289,3891.512115108744,8248.90403746874,site,Crossroads Mall
2022-01-27,6380.752620750236,4203.71526163898,8607.841377222388,site,Crossroads Mall
2022-01-28,7263.668849118946,4979.688003225589,9343.827130940637,site,Crossroads Mall
2022-01-29,8235.582499852932,6104.33614387569,10547.247135687508,site,Crossroads Mall
2022-01-30,12047.543300211897,9851.420291525903,14223.193668542786,site,Crossroads Mall
2022-01-31,5666.21910159888,3474.8779633503123,8015.599822615409,site,Crossroads Mall
2022-02-01,9592.51506263462,7379.931251044284,11772.892896096233,site,Crossroads Mall
2022-02-02,6257.14831684741,3938.192718822798,8487.826885932349,site,Crossroads Mall
2022-02-03,6662.736063669431,4551.010736521728,8835.113614407952,site,Crossroads Mall
2022-02-04,7538.009035299407,5227.750931391731,9935.72808410701,site,Crossroads Mall
2022-02-05,8495.639539069049,6244.772283812406,10804.245602537556,site,Crossroads Mall
2022-02-06,12287.912515748889,9997.585877730147,14677.97941548876,site,Crossroads Mall
2022-02-07,5882.820519290126,3726.7758976801824,8001.811356082826,site,Crossroads Mall
2022-02-08,9782.637198249651,7505.153157031287,11835.43239832103,site,Crossroads Mall
2022-02-09,6419.446035273511,4266.241161839154,8781.104774097119,site,Crossroads Mall
2022-02-10,6797.183676863402,4581.031193551873,9140.979258723019,site,Crossroads Mall
2022-02-11,7645.81114809451,5553.669380095033,9708.775863977104,site,Crossroads Mall
2022-02-12,8579.103405218659,6368.387554009322,10709.736896255612,site,Crossroads Mall
2022-02-13,12350.286791876813,10082.115808312334,14634.751883007848,site,Crossroads Mall
2022-02-14,5928.106272536354,3601.1681173734264,8174.710802803537,site,Crossroads Mall
2022-02-15,9815.37780333567,7532.515865775636,12011.060692745348,site,Crossroads Mall
2022-02-16,6444.503169567002,4185.668645422464,8567.111095461049,site,Crossroads Mall
2022-02-17,6819.506969502038,4550.946209250286,9008.612450354276,site,Crossroads Mall
2022-02-18,7670.209155079861,5347.486173112324,9978.340809955802,site,Crossroads Mall
2022-02-19,8610.023461541594,6411.703096563609,10899.927044097878,site,Crossroads Mall
2022-02-20,12391.610943256035,10128.613942883874,14500.433209555844,site,Crossroads Mall
2022-02-21,5982.969921185713,3749.5015164355405,8053.055936325428,site,Crossroads Mall
2022-02-22,9886.016935268475,7412.318779055641,11978.184738004913,site,Crossroads Mall
2022-02-23,6532.135088834491,4342.6817321271465,8763.21260990032,site,Crossroads Mall
2022-02-24,6924.248376360874,4659.0812925801565,9035.46278103576,site,Crossroads Mall
2022-02-25,7791.034204265029,5785.805785658318,9988.344091756726,site,Crossroads Mall
2022-02-26,8744.763161139488,6414.464304318114,11079.07137328951,site,Crossroads Mall
2022-02-27,12536.993941271396,10426.303431193706,14746.044256770627,site,Crossroads Mall
2022-02-28,6134.703417366661,3913.3138697003656,8519.564785708224,site,Crossroads Mall
2022-03-01,10038.905189692183,7884.959625901094,12181.421878390249,site,Crossroads Mall
2022-03-02,6680.2318119557995,4415.092053625079,8899.440655636132,site,Crossroads Mall
2022-03-03,7061.038217430048,4815.790810201704,9333.848703542524,site,Crossroads Mall
2022-03-04,7909.6376342378735,5676.09065904041,9980.489784696414,site,Crossroads Mall
2022-03-05,8838.15830282044,6698.255225565671,10938.2050011465,site,Crossroads Mall
2022-03-06,12598.248353860681,10403.46504505167,14848.570770639251,site,Crossroads Mall
2022-03-07,6157.2085122317785,3955.993998005071,8394.53673635517,site,Crossroads Mall
2022-03-08,10016.605847484307,7911.593722700087,12222.892698618114,site,Crossroads Mall
2022-03-09,6607.8438921263705,4322.182295024661,8907.870158777587,site,Crossroads Mall
2022-03-10,6934.246995232233,4674.74666304018,9116.10312130383,site,Crossroads Mall
2022-03-11,7725.270757266997,5597.966508845766,9835.173698982651,site,Crossroads Mall
2022-03-12,8594.3276112465,6412.46319653779,10926.16352548394,site,Crossroads Mall
2022-03-13,12294.45583480362,10115.343889545908,14609.511222725441,site,Crossroads Mall
2022-03-14,5794.412728549314,3572.6199130277723,7980.222866617238,site,Crossroads Mall
2022-03-15,9597.246364937702,7367.107751052663,11807.212323039303,site,Crossroads Mall
2022-03-16,6135.822489658511,3868.961266315114,8312.200183889676,site,Crossroads Mall
2022-03-17,6414.865742600669,4212.756006594341,8749.126252051487,site,Crossroads Mall
2022-03-18,7165.128344728882,5004.661610226525,9405.247494143923,site,Crossroads Mall
2022-03-19,8001.176577477425,5795.638140930326,10181.890457351865,site,Crossroads Mall
2022-03-20,11677.024524239037,9474.716152925266,13993.92015049271,site,Crossroads Mall
2022-03-21,5162.196882637172,2802.8798978175323,7400.710766299944,site,Crossroads Mall
2022-03-22,8960.276180398896,6732.120013954887,11199.605353789702,site,Crossroads Mall
2022-03-23,5504.411734273284,3421.104448702768,7875.976458267519,site,Crossroads Mall
2022-03-24,5799.350080988984,3534.443294273642,8117.0977452822535,site,Crossroads Mall
2022-03-25,6575.600377815657,4220.702178057713,8575.614122947534,site,Crossroads Mall
2022-03-26,7447.2252279352215,5337.772469722906,9789.785766703095,site,Crossroads Mall
2022-03-27,11167.48630271399,8926.484461472472,13314.483663433044,site,Crossroads Mall
2022-03-28,4704.926249190223,2412.775957089796,6958.99103598449,site,Crossroads Mall
2022-03-29,8561.941681053067,6360.334080035329,10843.98365826488,site,Crossroads Mall
2022-03-30,5170.323859615198,2932.232945629096,7343.4826672875015,site,Crossroads Mall
2022-03-31,5533.325884865568,3256.2935435687227,7719.3834696664035,site,Crossroads Mall
2022-01-01,12734.916706446566,10120.025405044777,15479.337489678224,site,Junction Plaza
2022-01-02,16194.282540400272,13595.811725072206,18872.25258101327,site,Junction Plaza
2022-01-03,8247.327648329998,5383.234898345333,11117.561256860303,site,Junction Plaza
2022-01-04,9714.830858382233,6840.297341352121,12462.371564211042,site,Junction Plaza
2022-01-05,7991.35427596264,5282.966757031646,10636.80898245278,site,Junction Plaza
2022-01-06,8777.212404813565,5998.656600028124,11319.446469494342,site,Junction Plaza
2022-01-07,9586.703516069836,6730.265336541845,12365.726690043402,site,Junction Plaza
2022-01-08,11233.603544231453,8485.332339779221,13963.206915980632,site,Junction Plaza
2022-01-09,14594.975209317949,12077.028117010277,17126.86805495906,site,Junction Plaza
2022-01-10,6574.455891087082,3791.1356319270126,9319.953318473012,site,Junction Plaza
2022-01-11,7993.811234524539,5157.491007091462,10806.19903291452,site,Junction Plaza
2022-01-12,6248.011776393823,3741.995695817232,9025.95412172528,site,Junction Plaza
2022-01-13,7037.198371701966,4494.729116396139,9676.653758391602,site,Junction Plaza
2022-01-14,7874.9246026895335,5136.970996681102,10481.336212791659,site,Junction Plaza
2022-01-15,9573.676112825015,6814.680132922363,12155.108565722097,site,Junction Plaza
2022-01-16,13008.718848069591,10216.841395424326,15449.247318571057,site,Junction Plaza
2022-01-17,5081.4386507237505,2240.3987178242264,7812.922259315597,site,Junction Plaza
2022-01-18,6610.957772176291,3697.8553072861205,9165.284495778853,site,Junction Plaza
2022-01-19,4989.283885924612,2454.837462978775,7807.31152269285,site,Junction Plaza
2022-01-20,5913.355422691684,3133.6982280678512,8660.316087291743,site,Junction Plaza
2022-01-21,6893.369256791231,4150.717288361188,9662.178137711995,site,Junction Plaza
2022-01-22,8738.38839628193,5972.671384086975,11228.947208646006,site,Junction Plaza
2022-01-23,12320.279292589727,9634.803432839752,15000.142374680778,site,Junction Plaza
2022-01-24,4537.138838376353,1736.337501711933,7351.959458088655,site,Junction Plaza
2022-01-25,6204.994295303139,3738.413346142103,9072.701114833766,site,Junction Plaza
2022-01-26,4713.029525972606,1948.2960864688243,7445.138574237466,site,Junction Plaza
2022-01-27,5755.699319064288,2864.607155298716,8239.578017542974,site,Junction Plaza
2022-01-28,6841.116036405783,3929.8312441754656,9225.501827175483,site,Junction Plaza
2022-01-29,8776.70471202096,6157.857711457164,11496.562832826485,site,Junction Plaza
2022-01-30,12433.175016956482,9540.431538534056,14983.717748304425,site,Junction Plaza
2022-01-31,4707.96930893526,2089.8281687950557,7419.458860353527,site,Junction Plaza
2022-02-01,6416.969532602879,3543.2886706461577,9225.229841790495,site,Junction Plaza
2022-02-02,4949.71625529323,2209.185163638689,7527.704188753371,site,Junction Plaza
2022-02-03,6001.5019258126495,3367.9773315948687,8657.728521717865,site,Junction Plaza
2022-02-04,7081.723261144221,4485.793001426735,9878.879925223218,site,Junction Plaza
2022-02-05,8999.48992659661,6314.282617341761,11782.088577513663,site,Junction Plaza
2022-02-06,12627.539287708896,10191.535011777947,15312.024245720424,site,Junction Plaza
2022-02-07,4865.618107711019,2112.571693928522,7553.6644937362025,site,Junction Plaza
2022-02-08,6532.115856177252,3774.6695715623187,9236.93156672965,site,Junction Plaza
2022-02-09,5019.205004190346,2283.663625275692,7664.1005982114875,site,Junction Plaza
2022-02-10,6024.852617796461,3553.6410170635236,8709.404221817826,site,Junction Plaza
2022-02-11,7061.090449744964,4320.926568192349,9765.89330256917,site,Junction Plaza
2022-02-12,8939.542999155776,6072.5609708725715,11730.901046750996,site,Junction Plaza
2022-02-13,12535.265564829857,9808.239445137664,15357.254133313787,site,Junction Plaza
2022-02-14,4750.055297565583,2088.343850290485,7485.804741829992,site,Junction Plaza
2022-02-15,6404.021871754683,3705.986306111286,8933.708322181466,site,Junction Plaza
2022-02-16,4890.674878396319,2188.449382843632,7471.721065518292,site,Junction Plaza
2022-02-17,5908.893701275978,3082.2363581981426,8647.050215308886,site,Junction Plaza
2022-02-18,6971.168212458933,3947.145088104204,9729.959231437639,site,Junction Plaza
2022-02-19,8889.110546175334,6370.705163269622,11600.310674233135,site,Junction Plaza
2022-02-20,12537.290402362392,9657.917263325273,15334.49068768874,site,Junction Plaza
2022-02-21,4816.556932950623,2032.3065514446341,7774.929452045682,site,Junction Plaza
2022-02-22,6545.633503372282,3694.5201433714624,9409.547456410999,site,Junction Plaza
2022-02-23,5116.241737898061,2282.105393887747,7950.66374578786,site,Junction Plaza
2022-02-24,6225.119571492995,3422.474488362894,8928.660905107592,site,Junction Plaza
2022-02-25,7382.320289801042,4612.681081582967,10093.295960621483,site,Junction Plaza
2022-02-26,9396.791185677383,6579.885550286573,12065.674032779962,site,Junction Plaza
2022-02-27,13140.282421329239,10412.578931729086,15711.765438558801,site,Junction Plaza
2022-02-28,5510.747108852188,3021.80097526942,8435.566034714673,site,Junction Plaza
2022-03-01,7324.016740799947,4607.4434895251725,10113.333737102625,site,Junction Plaza
2022-03-02,5969.006155151384,3142.8688422687924,8600.239808969187,site,Junction Plaza
2022-03-03,7139.810535715626,4438.030221820805,9967.6197010699,site,Junction Plaza
2022-03-04,8344.079267511084,5406.803965097986,11065.21383630389,site,Junction Plaza
2022-03-05,10388.663235172604,7751.106855090302,13130.67919537165,site,Junction Plaza
2022-03-06,14143.584288881697,11371.47840675322,16928.19546538056,site,Junction Plaza
2022-03-07,6505.486253262413,3645.4687699408396,9018.327937966831,site,Junction Plaza
2022-03-08,8289.3502437468,5373.007060936467,11040.785910560026,site,Junction Plaza
2022-03-09,6883.727414962679,4342.055563682796,9512.52319486206,site,Junction Plaza
2022-03-10,7982.850916723262,5526.626562894131,10651.430240338143,site,Junction Plaza
2022-03-11,9095.011504228707,6617.466571786504,11720.456066879176,site,Junction Plaza
2022-03-12,11028.19337831666,8196.798454974818,13698.395442183935,site,Junction Plaza
2022-03-13,14654.019327688964,12169.45656718433,17095.511202145415,site,Junction Plaza
2022-03-14,6871.165242416599,4251.507551764188,9792.800012639555,site,Junction Plaza
2022-03-15,8497.02778387513,5719.5650988452035,11196.479022803744,site,Junction Plaza
2022-03-16,6922.899652545763,4145.245074286476,9494.705548758888,site,Junction Plaza
2022-03-17,7846.015802955888,5144.836400191436,10594.607095088255,site,Junction Plaza
2022-03-18,8777.856840163524,5993.372886255186,11504.26669123348,site,Junction Plaza
2022-03-19,10529.708122901584,7745.6112205386235,13330.914021310722,site,Junction Plaza
2022-03-20,13976.525702523835,11090.931562274163,16806.910056213997,site,Junction Plaza
2022-03-21,6020.271274727624,3251.136253864501,8841.53779881316,site,Junction Plaza
2022-03-22,7481.502028534829,4870.244330580536,10153.031426770416,site,Junction Plaza
2022-03-23,5754.4718685418175,3121.5384309238275,8295.307964660426,site,Junction Plaza
2022-03-24,6539.109272932384,3716.862670977766,9329.190369013162,site,Junction Plaza
2022-03-25,7349.259763443219,4766.1908924796535,10236.767826537503,site,Junction Plaza
2022-03-26,8998.193035409018,6104.657589169417,11409.728438043778,site,Junction Plaza
2022-03-27,12362.427142037854,9539.649564638576,15053.216237233808,site,Junction Plaza
2022-03-28,4345.032884956377,1741.0395584039343,7271.017234132752,site,Junction Plaza
2022-03-29,5767.204956414884,3047.3642940483733,8366.623082912616,site,Junction Plaza
2022-03-30,4023.3566407791895,1339.724825163857,6851.840518105946,site,Junction Plaza
2022-03-31,4813.1033357675515,2209.134632269003,7711.288590008986,site,Junction Plaza
2022-01-01,6323.597762380228,4991.960987128385,7517.111533099253,site,Piazza Court
2022-01-02,7366.050200482088,6078.051097887955,8500.65769031107,site,Piazza Court
2022-01-03,4982.36441568515,3805.269962816069,6210.358718459788,site,Piazza Court
2022-01-04,6921.201368590501,5607.49734502166,8166.411028033575,site,Piazza Court
2022-01-05,4795.346633781767,3522.9714251408095,5988.4019565923145,site,Piazza Court
2022-01-06,4977.979657849309,3807.314688976957,6174.354056287016,site,Piazza Court
2022-01-07,5181.881317027869,4029.609631191446,6562.891937903547,site,Piazza Court
2022-01-08,5612.670274506264,4361.111256317326,6769.775475372902,site,Piazza Court
2022-01-09,6629.760428149571,5481.838845451255,7792.382110445926,site,Piazza Court
2022-01-10,4233.556790518752,2924.371618101628,5468.813666000966,site,Piazza Court
2022-01-11,6172.7904756975395,4938.979817193471,7322.044485649736,site,Piazza Court
2022-01-12,4060.0296275719566,2880.937661595209,5321.069247626032,site,Piazza Court
2022-01-13,4267.957056122852,3042.9930012150935,5477.388184416401,site,Piazza Court
2022-01-14,4508.593111403798,3279.5310488464493,5740.878194483422,site,Piazza Court
2022-01-15,4986.553841143015,3864.6885791558143,6246.453810795317,site,Piazza Court
2022-01-16,6060.036098984327,4911.369901012395,7362.821255027212,site,Piazza Court
2022-01-17,3728.0461685984305,2543.8782919762752,5023.083849195426,site,Piazza Court
2022-01-18,5737.771671728546,4496.211810411218,6958.023151322149,site,Piazza Court
2022-01-19,3700.13258326024,2495.651072011544,5017.671353518408,site,Piazza Court
2022-01-20,3986.101031735605,2768.186678988882,5307.970739938813,site,Piazza Court
2022-01-21,4305.967280420091,3083.583898043635,5473.489232081496,site,Piazza Court
2022-01-22,4862.6407853104065,3615.266544475974,6100.463362477685,site,Piazza Court
2022-01-23,6012.676863825608,4709.445532281479,7137.370469719321,site,Piazza Court
2022-01-24,3753.5444539177447,2558.998913698628,5004.213000373312,site,Piazza Court
2022-01-25,5831.033722598637,4646.132798357616,7048.6893483086305,site,Piazza Court
2022-01-26,3854.8384422316967,2693.238046926353,5128.438292317037,site,Piazza Court
2022-01-27,4194.902036178645,3049.0119759320587,5407.034444573065,site,Piazza Court
2022-01-28,4560.7040604589365,3366.0759216673628,5782.784713566421,site,Piazza Court
2022-01-29,5154.575553834451,3891.0269881034965,6342.718338542584,site,Piazza Court
2022-01-30,6332.733501763792,5121.90161523827,7495.211617480486,site,Piazza Court
2022-01-31,4092.5497881046613,2733.563414958151,5273.411769515845,site,Piazza Court
2022-02-01,6179.953470729441,5016.17014238275,7470.432326693977,site,Piazza Court
2022-02-02,4205.0015564146,3034.6737629141526,5398.78778739536,site,Piazza Court
2022-02-03,4538.207603950758,3397.494074619157,5775.056695186325,site,Piazza Court
2022-02-04,4889.8055063852,3646.232964391802,6175.506232744126,site,Piazza Court
2022-02-05,5463.037608131038,4264.397235505032,6615.151922143546,site,Piazza Court
2022-02-06,6615.158242992225,5457.758952646655,7821.236049868024,site,Piazza Court
2022-02-07,4344.668999620485,2976.2028553531027,5575.318035712639,site,Piazza Court
2022-02-08,6398.685548883542,5207.185370920768,7635.944363788261,site,Piazza Court
2022-02-09,4388.472242500973,3301.49198362013,5643.087894870892,site,Piazza Court
2022-02-10,4685.734852883316,3441.245059598439,5866.208988054917,site,Piazza Court
2022-02-11,5001.849822745862,3723.9460573117344,6126.134841676444,site,Piazza Court
2022-02-12,5541.120146580181,4356.500114972318,6793.306449414302,site,Piazza Court
2022-02-13,6661.749857113161,5421.813626522661,7917.410449423433,site,Piazza Court
2022-02-14,4363.054207849922,3131.6177903645357,5595.819528591287,site,Piazza Court
2022-02-15,6392.806045570264,5207.389828459765,7699.170128004945,site,Piazza Court
2022-02-16,4362.755100046933,3117.533113996601,5555.926489727499,site,Piazza Court
2022-02-17,4644.910922759922,3425.466671567772,5833.766130747018,site,Piazza Court
2022-02-18,4950.768041313479,3801.2379462189188,6231.169241236824,site,Piazza Court
2022-02-19,5484.563480816444,4246.631615028147,6640.517793824984,site,Piazza Court
2022-02-20,6604.258487921927,5338.794608771352,7892.969646717658,site,Piazza Court
2022-02-21,4308.761248829916,3030.90103173961,5523.537610762716,site,Piazza Court
2022-02-22,6345.290644185575,5094.330566843242,7561.687835021625,site,Piazza Court
2022-02-23,4324.917180523328,3138.3346767012854,5539.398950958831,site,Piazza Court
2022-02-24,4618.87112378236,3441.0543472676445,5886.04615061225,site,Piazza Court
2022-02-25,4937.795598788705,3639.836064044957,6122.606448629699,site,Piazza Court
2022-02-26,5485.033931010148,4222.943816879684,6706.451530247433,site,Piazza Court
2022-02-27,6617.642144804038,5374.231193836716,7817.52095829768,site,Piazza Court
2022-02-28,4333.642469476957,3164.403230274523,5589.827022618611,site,Piazza Court
2022-03-01,6379.416965320173,5218.4120507126545,7609.64010021434,site,Piazza Court
2022-03-02,4365.276513762392,3152.977167588011,5692.799770778026,site,Piazza Court
2022-03-03,4661.794364837266,3484.975032193063,5851.590907569512,site,Piazza Court
2022-03-04,4979.081258627743,3693.532283220004,6158.239184665502,site,Piazza Court
2022-03-05,5520.090757528063,4366.885195843616,6782.075645299792,site,Piazza Court
2022-03-06,6641.645188982266,5351.479285350092,7831.88783932421,site,Piazza Court
2022-03-07,4341.69767502305,3154.5018339594453,5530.561281548221,site,Piazza Court
2022-03-08,6366.7291348607105,5090.416059138452,7514.723467755903,site,Piazza Court
2022-03-09,4327.315433761831,3114.2144209573053,5527.367830892679,site,Piazza Court
2022-03-10,4594.453956188405,3385.276171149309,5808.7364771943385,site,Piazza Court
2022-03-11,4878.8268570034925,3695.1612477454464,6076.480553912631,site,Piazza Court
2022-03-12,5384.090008456246,4088.908939471795,6585.3110753660285,site,Piazza Court
2022-03-13,6467.878556019621,5194.720680318646,7741.933833020332,site,Piazza Court
2022-03-14,4129.045187966308,2958.5782650865513,5249.175932018283,site,Piazza Court
2022-03-15,6115.030730572713,4874.577945999941,7229.108686853019,site,Piazza Court
2022-03-16,4037.403042300245,2877.1210210262757,5187.037012892467,site,Piazza Court
2022-03-17,4268.154335296976,3099.2414724350306,5484.397333873453,site,Piazza Court
2022-03-18,4518.935053674106,3390.040163143502,5722.8156495013045,site,Piazza Court
2022-03-19,4994.314200945618,3764.9045469120592,6130.321309188398,site,Piazza Court
2022-03-20,6052.757877631793,4781.236614066063,7220.266860912949,site,Piazza Court
2022-03-21,3693.8429304349165,2434.101050792956,4959.971650334844,site,Piazza Court
2022-03-22,5665.606046392742,4448.382093309326,6872.737082274932,site,Piazza Court
2022-03-23,3580.064891634185,2383.4759014514993,4860.387038352732,site,Piazza Court
2022-03-24,3809.5019354920114,2532.6128905954365,4987.399749645161,site,Piazza Court
2022-03-25,4065.689474161076,2899.8508015696593,5294.818859368426,site,Piazza Court
2022-03-26,4553.145992297043,3365.651850310547,5859.302799279879,site,Piazza Court
2022-03-27,5630.11572435248,4406.778841242365,6825.177202579353,site,Piazza Court
2022-03-28,3295.788270887099,2039.0762342198293,4543.957328131768,site,Piazza Court
2022-03-29,5297.65841175626,3998.7471912269,6491.518396996082,site,Piazza Court
2022-03-30,3247.0623856291177,1926.4522563801565,4417.448213822983,site,Piazza Court
2022-03-31,3515.480818338214,2323.5611127263323,4739.655728015304,site,Piazza Court
2022-01-01,4647.525532830519,3807.122464285305,5509.795819744993,site,Garden Court
2022-01-02,6261.636019942814,5429.495619345751,7156.722154778084,site,Garden Court
2022-01-03,3344.9216538801647,2429.556587389989,4166.988209642361,site,Garden Court
2022-01-04,3894.3573670694027,3103.276859424042,4746.76388341947,site,Garden Court
2022-01-05,3215.038436815558,2406.39795758844,4000.943989379305,site,Garden Court
2022-01-06,3488.5409389832785,2623.316213896585,4411.18892912438,site,Garden Court
2022-01-07,3495.017471181176,2613.5351985268544,4357.489585021409,site,Garden Court
2022-01-08,4245.947875622059,3385.427804476373,5063.858577626327,site,Garden Court
2022-01-09,5841.457642199177,4948.408068841911,6652.832006875565,site,Garden Court
2022-01-10,2913.435526168639,2070.9138926109113,3746.6701739343994,site,Garden Court
2022-01-11,3458.8632253067535,2603.676484759613,4292.434361392927,site,Garden Court
2022-01-12,2782.672054505356,1878.454403486661,3591.957422834585,site,Garden Court
2022-01-13,3066.110702215513,2343.6262953627033,4003.0356116752896,site,Garden Court
2022-01-14,3088.85248519543,2261.4284175753673,3952.207717721349,site,Garden Court
2022-01-15,3861.7614817310196,3020.4905637635884,4699.084406801972,site,Garden Court
2022-01-16,5484.229768938412,4652.734365841423,6309.6889313194,site,Garden Court
2022-01-17,2587.3167508102606,1705.6302745281141,3465.7300068528743,site,Garden Court
2022-01-18,3167.102797942985,2318.116692235349,4013.8855327563206,site,Garden Court
2022-01-19,2527.5714539470746,1718.9612725299266,3370.771163896742,site,Garden Court
2022-01-20,2849.003570691212,2023.9245647862388,3748.9453258893077,site,Garden Court
2022-01-21,2910.1110474509287,2059.534940295987,3729.357457383168,site,Garden Court
2022-01-22,3720.828815184522,2905.896946828805,4567.650153849722,site,Garden Court
2022-01-23,5379.676575072257,4516.309780799712,6193.264219704005,site,Garden Court
2022-01-24,2516.9206051162996,1658.4028137431037,3360.2511709952546,site,Garden Court
2022-01-25,3127.9472443653585,2249.0497479027135,3958.848938850269,site,Garden Court
2022-01-26,2516.1617780395864,1615.9044663224097,3297.3187131572563,site,Garden Court
2022-01-27,2861.3956472738655,2070.8351160539896,3698.2205038139978,site,Garden Court
2022-01-28,2942.0493266607955,2090.2154901815857,3813.63256027133,site,Garden Court
2022-01-29,3767.8892934079818,2926.7771853617232,4671.078898192738,site,Garden Court
2022-01-30,5437.410500697097,4569.205585036905,6329.18226495979,site,Garden Court
2022-01-31,2580.994695443717,1739.7031308566482,3435.699542631634,site,Garden Court
2022-02-01,3194.2763377884535,2400.2547993065896,4027.4314110410646,site,Garden Court
2022-02-02,2581.0301103298416,1710.261836697257,3439.00492114132,site,Garden Court
2022-02-03,2921.5633142039146,2151.4519082991096,3774.51172426459,site,Garden Court
2022-02-04,2994.840965832083,2147.3865308295995,3833.686404249095,site,Garden Court
2022-02-05,3811.2625724077607,2976.243881412616,4664.107111515202,site,Garden Court
2022-02-06,5470.002620005836,4638.383376496106,6335.1060047587225,site,Garden Court
2022-02-07,2602.145784343813,1767.3204154621171,3466.1215334388735,site,Garden Court
2022-02-08,3204.0293208766784,2373.3809142300297,4042.774362561781,site,Garden Court
2022-02-09,2580.107329947272,1711.8855522917495,3458.564562404323,site,Garden Court
2022-02-10,2911.3208902017022,2036.689052507255,3742.9750716825884,site,Garden Court
2022-02-11,2977.202537757286,2093.482475944746,3788.6906161534657,site,Garden Court
2022-02-12,3788.6346818420307,2954.5592352445383,4714.118901302981,site,Garden Court
2022-02-13,5445.174533752239,4568.543488931324,6297.752614305212,site,Garden Court
2022-02-14,2578.1770178944503,1681.9171481544927,3423.5655082783614,site,Garden Court
2022-02-15,3184.1284817096384,2357.1448922540053,4011.1148417312324,site,Garden Court
2022-02-16,2567.50615243854,1701.8320823189324,3441.9914190757354,site,Garden Court
2022-02-17,2909.1474702164487,1961.9551658821076,3823.176220193965,site,Garden Court
2022-02-18,2988.3577923441508,2141.806392059898,3842.6848295395366,site,Garden Court
2022-02-19,3815.6759565688485,3043.7961769394656,4620.956057206446,site,Garden Court
2022-02-20,5490.210061542626,4620.054910320281,6361.949220275857,site,Garden Court
2022-02-21,2642.7746039755016,1788.593540735649,3545.9748943486843,site,Garden Court
2022-02-22,3269.2413600486216,2425.9249137861543,4103.492269899154,site,Garden Court
2022-02-23,2673.418442259332,1849.135718686618,3542.4943310709973,site,Garden Court
2022-02-24,3035.441071890279,2164.4978348590766,3896.9544367432077,site,Garden Court
2022-02-25,3133.901917473978,2283.364048768172,3988.1902058025435,site,Garden Court
2022-02-26,3978.639806585078,3150.0718449094197,4856.247746444595,site,Garden Court
2022-02-27,5668.098471975189,4782.156458228809,6493.693518349565,site,Garden Court
2022-02-28,2832.4857785569548,2008.5337166114662,3676.981478490338,site,Garden Court
2022-03-01,3467.145150494768,2640.9390523480815,4341.537362319527,site,Garden Court
2022-03-02,2875.453004307738,2008.7139959644078,3673.077892637127,site,Garden Court
2022-03-03,3237.225166029112,2332.018979051355,4061.1146544781736,site,Garden Court
2022-03-04,3330.8596385628284,2488.5060422005513,4183.211661776064,site,Garden Court
2022-03-05,4166.134135612962,3352.9727719963216,5061.955083626718,site,Garden Court
2022-03-06,5841.5697563693375,4989.635168672997,6627.341917549676,site,Garden Court
2022-03-07,2987.591073727469,2085.7106674791066,3813.411172618983,site,Garden Court
2022-03-08,3599.894299417074,2734.598940952451,4399.2104188369485,site,Garden Court
2022-03-09,2982.3373961545385,2124.546131224328,3764.2184714711525,site,Garden Court
2022-03-10,3315.3352972836256,2493.0481727328065,4147.977469044462,site,Garden Court
2022-03-11,3377.9878956476105,2500.4496785087335,4225.34164181094,site,Garden Court
2022-03-12,4180.859618470176,3317.75801886445,4984.379024883864,site,Garden Court
2022-03-13,5823.322456554832,4957.724960547223,6662.937686946007,site,Garden Court
2022-03-14,2936.6932937737074,2120.579222969499,3738.99223951854,site,Garden Court
2022-03-15,3517.5778367213475,2671.1728478862333,4302.194304683998,site,Garden Court
2022-03-16,2870.7356961582273,2067.457328534014,3739.74921405193,site,Garden Court
2022-03-17,3177.4504871995186,2380.11801856418,4021.679012915285,site,Garden Court
2022-03-18,3217.6333221795144,2402.385682067906,4001.7696146103567,site,Garden Court
2022-03-19,4002.57920967149,3175.410211071934,4860.658703716329,site,Garden Court
2022-03-20,5632.28888972397,4790.178109975038,6449.76985784692,site,Garden Court
2022-03-21,2738.587559070401,1913.0648779383487,3588.8653494886585,site,Garden Court
2022-03-22,3318.4533223967264,2515.2298246888868,4142.520243585084,site,Garden Court
2022-03-23,2676.8703710409627,1779.7652419488834,3581.925600223516,site,Garden Court
2022-03-24,2995.191105991733,2175.0856639153603,3863.3280872263886,site,Garden Court
2022-03-25,3053.2358196883515,2248.621956010268,3902.424507288699,site,Garden Court
2022-03-26,3862.0495740628903,3044.4276324828866,4702.01641904496,site,Garden Court
2022-03-27,5521.228808881482,4684.648925521661,6415.6967756907225,site,Garden Court
2022-03-28,2662.049018058764,1833.9541736933616,3460.4380165308776,site,Garden Court
2022-03-29,3280.8060971995556,2403.7836403267243,4130.091659960648,site,Garden Court
2022-03-30,2681.68602042428,1828.1541204902637,3492.235787550522,site,Garden Court
2022-03-31,3045.146619939439,2191.227552941262,3903.7481486125853,site,Garden Court
2021-12-01,207.0463093797963,0.0,575.9639058097147,site,Metro Market
2021-12-02,222.20492476045877,0.0,550.0242296624061,site,Metro Market
2021-12-03,255.8220577904885,0.0,583.6534814014523,site,Metro Market
2021-12-04,385.0471861814598,54.39348948696629,742.0320372641316,site,Metro Market
2021-12-05,184.29050985466444,0.0,554.5865433807286,site,Metro Market
2021-12-06,254.64876339225458,0.0,623.1215090467977,site,Metro Market
2021-12-07,542.7959494641727,206.4486623507981,907.7361144384873,site,Metro Market
2021-12-08,259.840608522182,0.0,629.1104225856444,site,Metro Market
2021-12-09,314.79380820992316,0.0,654.9077040000319,site,Metro Market
2021-12-10,386.4355173013448,61.75823227977038,731.0924894282131,site,Metro Market
2021-12-11,551.0764554077766,200.66796709283753,886.6790387044109,site,Metro Market
2021-12-12,382.3366716234112,47.190763516531746,720.8863616479252,site,Metro Market
2021-12-13,480.5907426415704,142.19026371086076,839.6680539320831,site,Metro Market
2021-12-14,791.876336849233,460.8281511278186,1159.2640348932644,site,Metro Market
2021-12-15,526.7672960998142,181.63590272717204,868.5012475051623,site,Metro Market
2021-12-16,593.8550062200036,257.0430814500587,933.3249118221802,site,Metro Market
2021-12-17,671.6253710391339,335.3541688621663,996.5154927808182,site,Metro Market
2021-12-18,836.2282029156291,511.78432673962106,1171.0264908052607,site,Metro Market
2021-12-19,661.2600839829487,298.5523275090373,978.5260182656536,site,Metro Market
2021-12-20,747.210474413997,380.65887484615587,1106.1439292926555,site,Metro Market
2021-12-21,1040.3677877709213,705.4396967948582,1374.4715716877645,site,Metro Market
2021-12-22,751.6866472461318,402.044839488558,1072.4419383417187,site,Metro Market
2021-12-23,790.2602428531109,435.1205388884323,1123.2652210303766,site,Metro Market
2021-12-24,835.185336197082,475.2846669924144,1191.0211623635125,site,Metro Market
2021-12-25,963.3170343350878,611.7582135167069,1311.5475885557153,site,Metro Market
2021-12-26,749.0347637734519,391.5588463213905,1121.5631844455881,site,Metro Market
2021-12-27,793.6696559627195,444.694364344384,1125.9756376572554,site,Metro Market
2021-12-28,1044.3905458938775,702.3777399917461,1389.8434530398797,site,Metro Market
2021-12-29,713.0503127647457,367.51623618609847,1054.103582558395,site,Metro Market
2021-12-30,709.6370176814778,370.60020460123866,1035.1618377382783,site,Metro Market
2021-12-31,714.11792545706,375.2426251614427,1016.4281950933163,site,Metro Market
2022-01-01,804.1740635173164,474.13165759750666,1137.9930472016506,site,Metro Market
2022-01-02,554.9472574572901,239.3949576028995,906.9206949251703,site,Metro Market
2022-01-03,568.4503266100537,229.5986376307903,911.1997997530751,site,Metro Market
2022-01-04,792.4380644626575,448.9862454427864,1131.4795578149105,site,Metro Market
2022-01-05,439.2410961499589,87.62140268561386,768.0192999282724,site,Metro Market
2022-01-06,419.20736216847416,65.71899145703169,749.844315123678,site,Metro Market
2022-01-07,412.53953282926517,74.64922669849415,726.1241589358046,site,Metro Market
2022-01-08,497.0261420867045,165.0810611072029,829.9315705331677,site,Metro Market
2022-01-09,247.7884309097393,0.0,553.5010420069142,site,Metro Market
2022-01-10,266.69354857313516,0.0,607.5714604763505,site,Metro Market
2022-01-11,501.2316176185161,188.09308745318788,824.8413672561261,site,Metro Market
2022-01-12,163.35855559086502,0.0,529.6258656903381,site,Metro Market
2022-01-13,162.949129412221,0.0,524.4996960475357,site,Metro Market
2022-01-14,179.64820768553489,0.0,535.3349616248934,site,Metro Market
2022-01-15,290.6176040626774,0.0,655.0455483018455,site,Metro Market
2022-01-16,70.30006136742497,0.0,410.07785517005897,site,Metro Market
2022-01-17,119.85055179681285,0.0,453.97327971384954,site,Metro Market
2022-01-18,386.03190647758436,42.63111834280128,715.9644450107482,site,Metro Market
2022-01-19,80.07616923925787,0.0,422.7999313647038,site,Metro Market
2022-01-20,111.15566002937408,0.0,467.17468903167867,site,Metro Market
2022-01-21,158.25124405476663,0.0,512.075254038165,site,Metro Market
2022-01-22,297.9147642477948,0.0,621.1186594271772,site,Metro Market
2022-01-23,104.04679660048913,0.0,443.1234512219886,site,Metro Market
2022-01-24,177.3395689861414,0.0,474.95014400501816,site,Metro Market
2022-01-25,464.1817860995786,96.07775052519224,809.537996963618,site,Metro Market
2022-01-26,175.52655538873415,0.0,515.231812069188,site,Metro Market
2022-01-27,220.36627488200645,0.0,555.4692420963063,site,Metro Market
2022-01-28,277.6019321576541,0.0,606.4309188646381,site,Metro Market
2022-01-29,423.8038034898282,53.25279710054787,756.4732342654545,site,Metro Market
2022-01-30,232.98482028949905,0.0,574.5069332152975,site,Metro Market
2022-01-31,306.0366232934824,0.0,634.9694399691913,site,Metro Market
2022-02-01,589.6252931471635,236.86869205048802,932.1977280134462,site,Metro Market
2022-02-02,295.0482567025764,0.0,658.071637468964,site,Metro Market
2022-02-03,331.69658339412683,0.0,693.2875201053768,site,Metro Market
2022-02-04,378.91051282642746,36.653338299710995,729.7320408654272,site,Metro Market
2022-02-05,513.72562125305,157.4510257289018,848.2345520354247,site,Metro Market
2022-02-06,310.6313272594259,0.0,657.7938616018015,site,Metro Market
2022-02-07,370.9921923077676,20.31839133720918,738.7098522962078,site,Metro Market
2022-02-08,641.9294295860759,306.58191924301303,985.0818027138598,site,Metro Market
2022-02-09,335.1645228365803,0.0,686.1791936682145,site,Metro Market
2022-02-10,360.469538238855,16.264228306035744,683.8939211663022,site,Metro Market
2022-02-11,397.51229541509343,79.72944913914152,726.3643877412201,site,Metro Market
2022-02-12,523.5940775978702,160.66994941192007,851.5326511114438,site,Metro Market
2022-02-13,313.40179392131955,0.0,642.2522689942616,site,Metro Market
2022-02-14,368.4251970552061,29.1370980546775,709.6731125829261,site,Metro Market
2022-02-15,635.8366486457574,311.6296913871852,1012.4636325709105,site,Metro Market
2022-02-16,327.33534336689934,0.0,659.9161991697521,site,Metro Market
2022-02-17,352.60051441576195,0.0,685.000868872777,site,Metro Market
2022-02-18,391.14165961081227,44.33392245903029,712.3415747140543,site,Metro Market
2022-02-19,520.0432790483375,156.90362785335867,867.4214622815031,site,Metro Market
2022-02-20,313.7257922844983,0.0,663.3083813321191,site,Metro Market
2022-02-21,373.37294523076406,24.75181305228795,741.6591190034379,site,Metro Market
2022-02-22,645.8228672830252,279.1242183271114,978.5704899146187,site,Metro Market
2022-02-23,342.4243288807214,0.0,686.3929090112498,site,Metro Market
2022-02-24,372.50234390218355,19.154996403988772,707.6827788730966,site,Metro Market
2022-02-25,415.22077126007764,47.0867934357442,759.2265716883751,site,Metro Market
2022-02-26,547.3390268230476,188.05097692461635,875.5518512045825,site,Metro Market
2022-02-27,342.9842099654287,0.0,660.5185758364695,site,Metro Market
2022-02-28,403.08861800898944,63.834272261750606,724.7871220768652,site,Metro Market
2022-01-01,6387.091637510475,5222.170497647288,7535.715848687267,site,Bon Marché Plaza
2022-01-02,9347.267572426113,8269.186112289888,10542.068891216995,site,Bon Marché Plaza
2022-01-03,3848.180752381723,2639.7330751630548,5116.865556680752,site,Bon Marché Plaza
2022-01-04,4488.792049479506,3360.5963520421083,5604.257369564997,site,Bon Marché Plaza
2022-01-05,4028.6596470970803,2821.9284504546563,5261.008636756718,site,Bon Marché Plaza
2022-01-06,4443.99091646087,3305.773088053549,5611.108994899142,site,Bon Marché Plaza
2022-01-07,4371.138714933972,3218.7289249237438,5580.9503370420325,site,Bon Marché Plaza
2022-01-08,6054.346203316458,4907.807921601543,7222.08188242405,site,Bon Marché Plaza
2022-01-09,8851.783784822352,7641.462504009619,9906.619972751936,site,Bon Marché Plaza
2022-01-10,3193.0288308428026,2041.2139343460344,4436.234222810677,site,Bon Marché Plaza
2022-01-11,3680.6399170960635,2484.192380660991,4944.4287004364005,site,Bon Marché Plaza
2022-01-12,3077.7653833706704,1910.0290265196143,4261.571202773706,site,Bon Marché Plaza
2022-01-13,3364.1022932546934,2244.594534331163,4577.4281539884105,site,Bon Marché Plaza
2022-01-14,3179.2992944320586,1941.3848555256773,4409.373068273949,site,Bon Marché Plaza
2022-01-15,4770.610075654175,3577.7445705644877,6032.451208794589,site,Bon Marché Plaza
2022-01-16,7498.843631163716,6267.59849872071,8802.457955523942,site,Bon Marché Plaza
2022-01-17,1795.7645381820262,680.5778844073499,2912.9746607605953,site,Bon Marché Plaza
2022-01-18,2265.597370402258,1074.416818881695,3478.8962557843815,site,Bon Marché Plaza
2022-01-19,1672.577245751264,464.1606134058283,2853.5302966635218,site,Bon Marché Plaza
2022-01-20,1996.8644886783811,755.0811918565004,3156.0660548337796,site,Bon Marché Plaza
2022-01-21,1877.918469210822,723.8835196938065,3083.1296638396843,site,Bon Marché Plaza
2022-01-22,3562.138483915995,2418.351191835575,4717.084438213181,site,Bon Marché Plaza
2022-01-23,6408.818623178877,5229.645503246835,7566.275440935988,site,Bon Marché Plaza
2022-01-24,847.5701011409728,0.0,2033.7732864095578,site,Bon Marché Plaza
2022-01-25,1479.864960821209,390.0461657122002,2637.143458847994,site,Bon Marché Plaza
2022-01-26,1066.6424601562562,0.0,2193.328687943966,site,Bon Marché Plaza
2022-01-27,1584.2949532642365,383.97592327115643,2870.189743350274,site,Bon Marché Plaza
2022-01-28,1668.1267168339227,520.2062260074413,2897.8098037525538,site,Bon Marché Plaza
2022-01-29,3560.0915635700726,2364.6663713891435,4770.464969838284,site,Bon Marché Plaza
2022-01-30,6614.8538045544055,5395.598578663016,7717.831882628486,site,Bon Marché Plaza
2022-01-31,1257.3233555933716,103.86202882041783,2464.350813157417,site,Bon Marché Plaza
2022-02-01,2084.3159901385334,869.1652243284433,3250.3996389087574,site,Bon Marché Plaza
2022-02-02,1852.2769843560554,638.3125242194724,3097.1645818636775,site,Bon Marché Plaza
2022-02-03,2533.3818414080506,1399.7807616303292,3742.8473345400216,site,Bon Marché Plaza
2022-02-04,2759.1044362978164,1503.2294781791968,3951.7467760699083,site,Bon Marché Plaza
2022-02-05,4768.055421049659,3569.8769594245987,5948.946227474139,site,Bon Marché Plaza
2022-02-06,7912.1326408459045,6706.624632084396,9201.735847159849,site,Bon Marché Plaza
2022-02-07,2614.131816294024,1405.17355451016,3872.785686921388,site,Bon Marché Plaza
2022-02-08,3469.4663007408776,2271.171821296265,4713.944591130497,site,Bon Marché Plaza
2022-02-09,3233.9323748296583,2118.493864637674,4416.812474820037,site,Bon Marché Plaza
2022-02-10,3879.832447675511,2675.772464904524,5062.549272080354,site,Bon Marché Plaza
2022-02-11,4039.5456948677984,2744.859720367021,5211.244776777792,site,Bon Marché Plaza
2022-02-12,5953.348697808433,4747.630458171248,7131.1698872609995,site,Bon Marché Plaza
2022-02-13,8975.528107387527,7766.802125145489,10163.21174970019,site,Bon Marché Plaza
2022-02-14,3531.93440728692,2260.810342165986,4623.942104043724,site,Bon Marché Plaza
2022-02-15,4221.626934483541,3071.502730363961,5427.797791774054,site,Bon Marché Plaza
2022-02-16,3804.5484659794747,2593.587594106961,4998.9769312460585,site,Bon Marché Plaza
2022-02-17,4257.544038172616,3095.7649326151814,5439.186572865153,site,Bon Marché Plaza
2022-02-18,4217.816218363358,3016.948434353352,5378.791686446571,site,Bon Marché Plaza
2022-02-19,5930.622401770237,4705.904126181624,7062.4988265421,site,Bon Marché Plaza
2022-02-20,8755.259407314239,7560.0099984155795,9918.989850679834,site,Bon Marché Plaza
2022-02-21,3122.487849044913,1997.7500720486057,4334.759026660117,site,Bon Marché Plaza
2022-02-22,3636.0499023410734,2451.884693154408,4818.936192330267,site,Bon Marché Plaza
2022-02-23,3060.222200036174,1854.527443514169,4257.257391263051,site,Bon Marché Plaza
2022-02-24,3375.7218204712267,2155.4306351411224,4414.813470265715,site,Bon Marché Plaza
2022-02-25,3223.0606602760154,2100.8749028544194,4396.690487361553,site,Bon Marché Plaza
2022-02-26,4850.156530490767,3687.486525472069,6065.0475087382,site,Bon Marché Plaza
2022-02-27,7618.248627366213,6387.174463295213,8826.330418998376,site,Bon Marché Plaza
2022-02-28,1959.2717782549182,743.2253185212315,3003.4184541689942,site,Bon Marché Plaza
2022-03-01,2477.3444958772725,1333.169244673598,3672.2033681347475,site,Bon Marché Plaza
2022-03-02,1936.3134367056057,746.4844898817415,3157.5009926314065,site,Bon Marché Plaza
2022-03-03,2315.672509390767,1129.5801636606384,3463.859188452234,site,Bon Marché Plaza
2022-03-04,2253.9516195968763,1049.6521661332683,3423.6695038159164,site,Bon Marché Plaza
2022-03-05,3996.3825010589057,2856.8461302633286,5263.316654168895,site,Bon Marché Plaza
2022-03-06,6900.8878339426265,5763.415465006426,8036.59405982541,site,Bon Marché Plaza
2022-03-07,1395.5460780888152,284.42395269264057,2583.8683091594844,site,Bon Marché Plaza
2022-03-08,2080.1846107356314,863.6319487514307,3230.5493550327797,site,Bon Marché Plaza
2022-03-09,1714.0409168579154,464.2903113279606,2978.5722032949975,site,Bon Marché Plaza
2022-03-10,2271.8069036878014,1100.3464667448563,3418.233705611117,site,Bon Marché Plaza
2022-03-11,2387.1479117180365,1196.6452510237655,3619.5081439006767,site,Bon Marché Plaza
2022-03-12,4300.500312398698,3145.834687938661,5553.347689344993,site,Bon Marché Plaza
2022-03-13,7365.190287179488,6166.073345060239,8560.478507543508,site,Bon Marché Plaza
2022-03-14,2005.0226615006702,902.7155006892735,3294.571084129984,site,Bon Marché Plaza
2022-03-15,2815.988981579392,1687.329887878488,3998.914729822508,site,Bon Marché Plaza
2022-03-16,2554.031427504844,1388.1478318487414,3711.2745943121986,site,Bon Marché Plaza
2022-03-17,3191.174813824399,2076.6125367194254,4382.878468799024,site,Bon Marché Plaza
2022-03-18,3359.115844786176,2157.982107160603,4578.775746707518,site,Bon Marché Plaza
2022-03-19,5297.071590590393,4124.6386303782465,6507.912649109706,site,Bon Marché Plaza
2022-03-20,8357.928392060081,7110.090970166329,9496.669857332077,site,Bon Marché Plaza
2022-03-21,2965.8392558836003,1781.6957386604722,4129.642071479658,site,Bon Marché Plaza
2022-03-22,3717.918715607241,2517.1031628625833,4840.926411845541,site,Bon Marché Plaza
2022-03-23,3371.972145355129,2062.8677598792137,4467.987183577502,site,Bon Marché Plaza
2022-03-24,3902.5727657068023,2648.150790315504,5031.704412625666,site,Bon Marché Plaza
2022-03-25,3944.57706564715,2838.146260921812,5098.709965870359,site,Bon Marché Plaza
2022-03-26,5740.882688315659,4612.306595908173,6911.7035167025315,site,Bon Marché Plaza
2022-03-27,8648.472536348478,7463.321009827484,9843.857073077234,site,Bon Marché Plaza
2022-03-28,3095.8961030846476,1875.2411956647475,4250.139785309442,site,Bon Marché Plaza
2022-03-29,3684.840262467653,2450.9152090770076,4863.058153630284,site,Bon Marché Plaza
2022-03-30,3177.7299836499606,2021.9094746857525,4384.230467415035,site,Bon Marché Plaza
2022-03-31,3553.6758138665227,2337.7721109144163,4789.672724399345,site,Bon Marché Plaza
